mysql> select * from table_faculty;
+------------+--------------+-----------+-----------+--------+------+------------+
| faculty_no | faculty_name | mobile_no | dept_name | gender | age  | DOB        |
+------------+--------------+-----------+-----------+--------+------+------------+
|          1 | anu          | 934745595 | CSE       | FEMALE |   30 | 1993-02-23 |
|          2 | ajay         | 963258741 | EEE       | MALE   |   65 | 1968-03-23 |
|          2 | ram          |  85236971 | IT        | MALE   |   50 | 1983-05-01 |
+------------+--------------+-----------+-----------+--------+------+------------+
3 rows in set (0.00 sec)

mysql> delete from table_faculty where age=65;
Query OK, 1 row affected (0.09 sec)

mysql> select * from table_faculty;
+------------+--------------+-----------+-----------+--------+------+------------+
| faculty_no | faculty_name | mobile_no | dept_name | gender | age  | DOB        |
+------------+--------------+-----------+-----------+--------+------+------------+
|          1 | anu          | 934745595 | CSE       | FEMALE |   30 | 1993-02-23 |
|          2 | ram          |  85236971 | IT        | MALE   |   50 | 1983-05-01 |
+------------+--------------+-----------+-----------+--------+------+------------+
2 rows in set (0.00 sec)

5)
mysql> select * from student;
+-----------+--------+--------+------------+
| reg_no    | name   | gender | DOB        |
+-----------+--------+--------+------------+
| 192211888 | sriram | M      | 2004-08-17 |
+-----------+--------+--------+------------+
1 row in set (0.05 sec)

mysql> select * from table_faculty;
+------------+--------------+-----------+-----------+--------+------+------------+
| faculty_no | faculty_name | mobile_no | dept_name | gender | age  | DOB        |
+------------+--------------+-----------+-----------+--------+------+------------+
|          1 | anu          | 934745595 | CSE       | FEMALE |   30 | 1993-02-23 |
|          2 | ajay         | 963258741 | EEE       | MALE   |   65 | 1968-03-23 |
|          2 | ram          |  85236971 | IT        | MALE   |   50 | 1983-02-03 |
+------------+--------------+-----------+-----------+--------+------+------------+
3 rows in set (0.00 sec)

mysql> SELECT * from department;
+--------+-----------+-----------+
| deptno | dept_name | dept_head |
+--------+-----------+-----------+
|      1 | CSE       | VARUN     |
|      2 | ECE       | HEMA      |
|      3 | IT        | ANU       |
+--------+-----------+-----------+
3 rows in set (0.00 sec)

mysql> select * from course;
+-----------+-------------+--------+
| course_no | course_dept | sem_no |
+-----------+-------------+--------+
|         1 | CSE         |      1 |
|         2 | ECE         |      1 |
|         3 | IT          |      1 |
+-----------+-------------+--------+
3 rows in set (0.00 sec)
